  {
    "current": "Base",
    "presets": {
      "Base": {
        "brand_main_color": "#e3c408",
        "body_background_color": "#ffffff",
        "headings_color": "#555555",
        "body_font_color": "#555555",
        "main_link_color": "#555555",
        "main_link_hover_color": "#e3c408",
        "btn_text_color": "#ffffff",
        "btn_text_color_hover": "#ffffff",
        "btn_bg_color": "#e3c408",
        "btn_bg_color_hover": "#e3ab08",
        "nav_link_text_color": "#666666",
        "nav_link_text_hover_color": "#e3c408",
        "nav_menu_bg": "#ffffff",
        "nav_menu_scrolled_bg": "#f4f4f4",
        "nav_mobile_menu_bg": "#ffffff",
        "body_font": "Google+Open+Sans",
        "body_font_type": "sans-serif",
        "body_font_size": "14px",
        "body_font_weight": "300",
        "heading_font": "Google+Roboto",
        "heading_font_type": "sans-serif",
        "heading_font_size": "40px",
        "heading_font_weight": "300",
        "product_compared_price_color": "#C70039",
        "product_ribbon_text": "OFERTA",
        "product_tagcolor": false,
        "use_logo": true,
        "nav_logo": "",
        "use_favicon": false,
        "slide_bg_color": "#ffffff",
        "slide_title_color": "#ffffff",
        "slide_subtitle_color": "#ffffff",
        "slide_btn_text_color": "#ffffff",
        "slide_btn_text_color_hover": "#ffffff",
        "slide_btn_bg_color": "#e3c408",
        "slide_btn_bg_color_hover": "#d2a00e",
        "product_background_card": "rgba(255,255,255,0)",
        "product_ribbon_bg": "#00a0c6",
        "promo_home_color_title": "#e3c408",
        "promo_home_color_desc": "#666666",
        "promo_home_color_icon": "#e3c408",
        "sidebar_bg_color": "rgba(255,255,255,0)",
        "sidebar_lines_color": "#eeeeee",
        "sidebar_titles_color": "#555555",
        "sidebar_texts_color": "#555555",
        "footer_title_color": "#e3c408",
        "footer_text_color": "#666666",
        "footer_bg_color": "#F2F2F2",
        "footer_border_color": "#F2F2F2",
        "footer_legal_text_color": "#ffffff",
        "footer_legal_bg_color": "#444444",
        "slide_1": true,
        "slide_2": false,
        "slide_3": false,
        "slide_4": false,
        "slide_overlay": true,
        "slide_text_shadow": true,
        "slide_title_font_size": "30px",
        "slide_subtitle_font_size": "14px",
        "slide_1_image_display": false,
        "slide_1_image_bg": "",
        "slide_1_subtitle": "Subtítulo",
        "slide_1_title": "Título",
        "slide_1_btn_display": false,
        "slide_1_btn_text": "Ver más",
        "slide_1_btn_link": "",
        "slide_2_image_display": false,
        "slide_2_image_bg": "",
        "slide_2_subtitle": "Subtítulo",
        "slide_2_title": "Título",
        "slide_2_btn_display": false,
        "slide_2_btn_text": "Ver más",
        "slide_2_btn_link": "",
        "slide_3_image_display": false,
        "slide_3_image_bg": "",
        "slide_3_subtitle": "Subtítulo",
        "slide_3_title": "Título",
        "slide_3_btn_display": false,
        "slide_3_btn_text": "Ver más",
        "slide_3_btn_link": "",
        "slide_4_image_display": false,
        "slide_4_image_bg": "",
        "slide_4_subtitle": "Subtítulo",
        "slide_4_title": "Título",
        "slide_4_btn_display": false,
        "slide_4_btn_text": "Ver más",
        "slide_4_btn_link": "",
        "product_thumbnail_type": "square",
        "featured_products_collection": "inicio",
        "featured_products_limit": 4,
        "featured_best_products_items": 4,
        "featured_best_products_title": "NUESTRAS ESPECIALIDADES",
        "navigation_top_banner_active": true,
        "navigation_top_banner_bg_color": "#e3c408",
        "navigation_top_banner_text_color": "#ffffff",
        "navigation_top_banner_text": "ENVÍO GRATIS EN PEDIDOS SUPERIORES A $2000",
        "navigation_top_banner_link": "",
        "featured_static_banner_image_url": "",
        "featured_static_banner_link": "",
        "featured_static_banner_bg_color": "#ffffff",
        "featured_banner_home_one_title": "MUY CERCA DE TI",
        "featured_banner_home_one_subtitle": "SUCURSALES",
        "featured_banner_home_one_intro": "Describa eso deliciosos ingredientes.",
        "featured_parallax_banner_one": false,
        "featured_parallax_banner_one_text_color": "#ffffff",
        "featured_banner_home_one_btn_text": "Pídelo Ya!",
        "featured_banner_home_one_link": "",
        "featured_banner_home_one_overlay": true,
        "featured_banner_home_one_image_url": "",
        "frontpage_section_1": "featured-slider",
        "frontpage_section_2": "featured-collections",
        "frontpage_section_3": "featured-video",
        "frontpage_section_4": "featured-static-banner",
        "frontpage_section_5": "featured-products",
        "frontpage_section_6": "featured-banner-parallax-one",
        "frontpage_section_7": "featured-blog",
        "video_enable": false,
        "video_url": "",
        "video_url_type": "",
        "video_format_size": "16by9",
        "featured_best_collections_title": "Colección destacada",
        "featured_best_collections_format": "square",
        "featured_best_collections_1": "inicio",
        "featured_best_collections_2": "",
        "featured_best_collections_3": "",
        "featured_best_collections_4": "",
        "featured_best_collections_5": "",
        "featured_best_collections_6": "",
        "featured_best_collections_7": "",
        "featured_best_collections_8": "",
        "featured_blog": "noticias",
        "featured_blog_title": "Nuestro Blog",
        "featured_blog_home_thumbnails_enabled": true,
        "featured_blog_limit": "3",
        "collections_description": "Descripción",
        "category_page_title": "Categorías",
        "collections_page_title": "Colecciones",
        "collections_page_description": "Descubre lo que tenemos en cada una",
        "show_sidebar": true,
        "show_sidebar_menu": false,
        "sidebar_menu_name": "",
        "sidebar_menu_title": "",
        "categories_sidebar_title": "Categorías",
        "collections_sidebar_title": "Colecciones",
        "categories_sidebar_display": true,
        "collections_sidebar_display": true,
        "footer": true,
        "featured_static_banner": true,
        "map_is_enabled": false,
        "map_address": "Mexico City",
        "map_zoom": "14",
        "map_marker": true,
        "map_api_key": "",
        "display_vendor": true,
        "show_sku_code": true,
        "vendor_name": "Marca",
        "sku_title": "SKU",
        "product_status_available_text": "DISPONIBLE",
        "product_status_not_available_text": "AGOTADO",
        "product_thumbnail_form": "thumbnail_square",
        "enable_product_image_zoom": true,
        "product_image_zoom_in_text": "Clic para zoom",
        "product_image_zoom_out_text": "Clic para salir",
        "related_products": true,
        "footer_display_newsletter": true,
        "footer_display_contact_data": false,
        "footer_contact_data": "Calle, número, colonia, C.P.",
        "footer_display_payment_methods": true,
        "policy_url": "",
        "footer_display_main_menu": true,
        "footer_main_menu_title": "NAVEGACIÓN",
        "footer_main_menu_name": "main",
        "footer_display_second_menu": true,
        "footer_second_menu_title": "MENÚ",
        "footer_second_menu_name": "footer",
        "footer_display_social": true,
        "enable_share_products": true,
        "enable_share_blog": true,
        "share_facebook": true,
        "share_twitter": true,
        "share_pinterest": true,
        "share_google": true,
        "facebook_link": "https://www.facebook.com/KometiaHQ",
        "twitter_link": "",
        "google_link": "",
        "pinterest_link": "",
        "instagram_link": "",
        "youtube_link": "",
        "vimeo_link": "",
        "tumblr_link": "",
        "whatsapp_link": "",
        "accept_visa": true,
        "accept_mastercard": true,
        "accept_amex": false,
        "accept_paypal": true,
        "accept_oxxo": true,
        "accept_spei": false,
        "accept_cash": false,
        "cart_title": "Carrito de Compras",
        "cart_btn_buy_text": "Prodecer a comprar",
        "cart_btn_more_text": "Comprar más",
        "btn_product_view_text": "Ver más",
        "btn_product_buy_now_text": "Comprar ya",
        "btn_product_buy_in_list": true,
        "max_cart_items": "10",
        "orderby_name": true,
        "orderby_created": true,
        "orderby_price": true,
        "orderby_name_ascending_text": "Alfabéticamente A-Z",
        "orderby_name_descending_text": "Alfabéticamente Z-A",
        "orderby_created_ascending_text": "Fecha: Nuevos a viejos",
        "orderby_created_descending_text": "Fecha: Viejos a nuevos",
        "orderby_price_ascending_text": "Precio: Menor a mayor",
        "orderby_price_descending_text": "Precio: Mayor a menor",
        "enabled_gift_option": false,
        "gift_title_message": "Esto es un regalo",
        "gift_btn_message": "Guardar",
        "enabled_customer_note_option": true,
        "customer_title_note": "Nota a la compra",
        "customer_btn_note_text": "Agregar nota"
      }
    }
  }
